{
 "plain": {
  "mu": [
   -0.2165229767560959,
   0.8976292014122009
  ],
  "sigma": [
   1.6919775009155273,
   1.1100090742111206
  ],
  "alpha[1]": [
   0.02398351952433586,
   1.2093520164489746
  ],
  "alpha[2]": [
   -0.3646130859851837,
   1.098689079284668
  ],
  "alpha[3]": [
   1.2644670009613037,
   1.795471429824829
  ],
  "alpha[4]": [
   -0.5193161964416504,
   1.3285599946975708
  ],
  "alpha[5]": [
   -1.965588092803955,
   1.9584331512451172
  ],
  "alpha[6]": [
   1.9402228593826294,
   1.9646556377410889
  ],
  "alpha[7]": [
   -0.5283011794090271,
   1.081285834312439
  ],
  "alpha[8]": [
   -1.6100687980651855,
   1.8615517616271973
  ]
 },
 "legacy": {
  "mu": [
   -0.5362450480461121,
   1.2736551761627197
  ],
  "sigma": [
   0.00013368188228923827,
   0.00010456605377839878
  ],
  "alpha[1]": [
   -0.5362451672554016,
   1.2736560106277466
  ],
  "alpha[2]": [
   -0.5362463593482971,
   1.273655652999878
  ],
  "alpha[3]": [
   -0.536246120929718,
   1.2736541032791138
  ],
  "alpha[4]": [
   -0.5362450480461121,
   1.2736554145812988
  ],
  "alpha[5]": [
   -0.5362457036972046,
   1.2736549377441406
  ],
  "alpha[6]": [
   -0.5362440943717957,
   1.2736542224884033
  ],
  "alpha[7]": [
   -0.5362449288368225,
   1.2736551761627197
  ],
  "alpha[8]": [
   -0.536244809627533,
   1.2736564874649048
  ]
 },
 "exact4a": {
  "mu": [
   -0.5320414304733276,
   0.7693386077880859
  ],
  "sigma": [
   0.9204407334327698,
   1.1065584421157837
  ],
  "alpha[1]": [
   -0.3901436924934387,
   0.9895920753479004
  ],
  "alpha[2]": [
   -0.5879709720611572,
   0.8506405353546143
  ],
  "alpha[3]": [
   0.2538215219974518,
   1.686034083366394
  ],
  "alpha[4]": [
   -0.6782473921775818,
   0.9560363292694092
  ],
  "alpha[5]": [
   -1.4175817966461182,
   1.4827452898025513
  ],
  "alpha[6]": [
   0.5927860140800476,
   1.9609622955322266
  ],
  "alpha[7]": [
   -0.6804627180099487,
   0.8110793828964233
  ],
  "alpha[8]": [
   -1.2419495582580566,
   1.3878365755081177
  ]
 },
 "exact4a_mixing_chains": {
  "mu": [
   -0.23659321665763855,
   0.9703819751739502
  ],
  "sigma": [
   1.7191663980484009,
   1.080845594406128
  ],
  "alpha[1]": [
   0.03632805123925209,
   1.2302216291427612
  ],
  "alpha[2]": [
   -0.35556066036224365,
   1.1207185983657837
  ],
  "alpha[3]": [
   1.3010294437408447,
   1.8493239879608154
  ],
  "alpha[4]": [
   -0.5300928950309753,
   1.3028899431228638
  ],
  "alpha[5]": [
   -1.989074945449829,
   1.9101239442825317
  ],
  "alpha[6]": [
   1.9692009687423706,
   1.9579342603683472
  ],
  "alpha[7]": [
   -0.5377709269523621,
   1.091327428817749
  ],
  "alpha[8]": [
   -1.6452627182006836,
   1.85340416431427
  ]
 },
 "nuts_nc": {
  "mu": [
   -0.21377969036264102,
   0.9575536578513026
  ],
  "sigma": [
   1.734381450468955,
   1.1050137973400112
  ],
  "alpha[1]": [
   0.04910278025541588,
   1.2085282239052249
  ],
  "alpha[2]": [
   -0.37172359919806125,
   1.1003429877739597
  ],
  "alpha[3]": [
   1.266324685933405,
   1.7413805692334319
  ],
  "alpha[4]": [
   -0.5227422454658602,
   1.324963561091277
  ],
  "alpha[5]": [
   -2.018629554097805,
   2.0037827339626375
  ],
  "alpha[6]": [
   2.006251038967435,
   1.979549084251775
  ],
  "alpha[7]": [
   -0.5200683757680531,
   1.0947301749147083
  ],
  "alpha[8]": [
   -1.6884566128581213,
   1.8971534532593752
  ]
 },
 "partA_max_rel_err": 1.028875360239093e-07,
 "partB_median_abs_logdet": 0.866312705954207,
 "partB_median_roundtrip_defect": 0.022757104631896757,
 "pi_j": [
  0.3814254710473638,
  0.3448427033636259,
  0.5367938362377587,
  0.4979511539307979,
  0.48606315839065317,
  0.4066281153965239,
  0.3313368675490783,
  0.5731265812148852
 ],
 "notes": "200k post-warmup x 4 chains per variant, thin 10; NumPy mirror of data-raw/run_m1_audit.R; legacy = horizontal_mcmc(use_correction=TRUE) base block"
}